{"Version":1,"ManifestType":"Publish","Endpoints":[{"Route":"TournamentScheduler.App.styles.css","AssetFile":"TournamentScheduler.App.styles.css.gz","Selectors":[{"Name":"Content-Encoding","Value":"gzip","Quality":"0.002915451895"}],"ResponseHeaders":[{"Name":"Accept-Ranges","Value":"bytes"},{"Name":"Cache-Control","Value":"no-cache"},{"Name":"Content-Encoding","Value":"gzip"},{"Name":"Content-Length","Value":"342"},{"Name":"Content-Type","Value":"text/css"},{"Name":"ETag","Value":"\"n2CpyTfAjlXcQ0bJ9IjkLQw/+oHRzA4rav8p3hikM1k=\""},{"Name":"ETag","Value":"W/\"aE4mLiQwxZIC4E4cHQ/ev8WO4rxYmPgW0Hzm35BkPOQ=\""},{"Name":"Last-Modified","Value":"Sun, 21 Dec 2025 09:05:28 GMT"},{"Name":"Vary","Value":"Content-Encoding"}],"EndpointProperties":[{"Name":"integrity","Value":"sha256-aE4mLiQwxZIC4E4cHQ/ev8WO4rxYmPgW0Hzm35BkPOQ="}]},{"Route":"TournamentScheduler.App.styles.css","AssetFile":"TournamentScheduler.App.styles.css.br","Selectors":[{"Name":"Content-Encoding","Value":"br","Quality":"0.003802281369"}],"ResponseHeaders":[{"Name":"Accept-Ranges","Value":"bytes"},{"Name":"Cache-Control","Value":"no-cache"},{"Name":"Content-Encoding","Value":"br"},{"Name":"Content-Length","Value":"262"},{"Name":"Content-Type","Value":"text/css"},{"Name":"ETag","Value":"\"/0jFxn/YWfXJtEEiMVmuwtqtS50dga+1Uab8/oULQlQ=\""},{"Name":"ETag","Value":"W/\"aE4mLiQwxZIC4E4cHQ/ev8WO4rxYmPgW0Hzm35BkPOQ=\""},{"Name":"Last-Modified","Value":"Sun, 21 Dec 2025 09:05:28 GMT"},{"Name":"Vary","Value":"Content-Encoding"}],"EndpointProperties":[{"Name":"integrity","Value":"sha256-aE4mLiQwxZIC4E4cHQ/ev8WO4rxYmPgW0Hzm35BkPOQ="}]},{"Route":"TournamentScheduler.App.styles.css","AssetFile":"TournamentScheduler.App.styles.css","Selectors":[],"ResponseHeaders":[{"Name":"Accept-Ranges","Value":"bytes"},{"Name":"Cache-Control","Value":"no-cache"},{"Name":"Content-Length","Value":"574"},{"Name":"Content-Type","Value":"text/css"},{"Name":"ETag","Value":"\"aE4mLiQwxZIC4E4cHQ/ev8WO4rxYmPgW0Hzm35BkPOQ=\""},{"Name":"Last-Modified","Value":"Sun, 21 Dec 2025 09:05:28 GMT"}],"EndpointProperties":[{"Name":"integrity","Value":"sha256-aE4mLiQwxZIC4E4cHQ/ev8WO4rxYmPgW0Hzm35BkPOQ="}]},{"Route":"TournamentScheduler.App.styles.css.br","AssetFile":"TournamentScheduler.App.styles.css.br","Selectors":[],"ResponseHeaders":[{"Name":"Accept-Ranges","Value":"bytes"},{"Name":"Cache-Control","Value":"no-cache"},{"Name":"Content-Encoding","Value":"br"},{"Name":"Content-Length","Value":"262"},{"Name":"Content-Type","Value":"text/css"},{"Name":"ETag","Value":"\"/0jFxn/YWfXJtEEiMVmuwtqtS50dga+1Uab8/oULQlQ=\""},{"Name":"Last-Modified","Value":"Sun, 21 Dec 2025 09:05:28 GMT"},{"Name":"Vary","Value":"Content-Encoding"}],"EndpointProperties":[{"Name":"integrity","Value":"sha256-/0jFxn/YWfXJtEEiMVmuwtqtS50dga+1Uab8/oULQlQ="}]},{"Route":"TournamentScheduler.App.styles.css.gz","AssetFile":"TournamentScheduler.App.styles.css.gz","Selectors":[],"ResponseHeaders":[{"Name":"Accept-Ranges","Value":"bytes"},{"Name":"Cache-Control","Value":"no-cache"},{"Name":"Content-Encoding","Value":"gzip"},{"Name":"Content-Length","Value":"342"},{"Name":"Content-Type","Value":"text/css"},{"Name":"ETag","Value":"\"n2CpyTfAjlXcQ0bJ9IjkLQw/+oHRzA4rav8p3hikM1k=\""},{"Name":"Last-Modified","Value":"Sun, 21 Dec 2025 09:05:28 GMT"},{"Name":"Vary","Value":"Content-Encoding"}],"EndpointProperties":[{"Name":"integrity","Value":"sha256-n2CpyTfAjlXcQ0bJ9IjkLQw/+oHRzA4rav8p3hikM1k="}]},{"Route":"TournamentScheduler.App.wuhct732qe.styles.css","AssetFile":"TournamentScheduler.App.styles.css.gz","Selectors":[{"Name":"Content-Encoding","Value":"gzip","Quality":"0.002915451895"}],"ResponseHeaders":[{"Name":"Accept-Ranges","Value":"bytes"},{"Name":"Cache-Control","Value":"max-age=31536000, immutable"},{"Name":"Content-Encoding","Value":"gzip"},{"Name":"Content-Length","Value":"342"},{"Name":"Content-Type","Value":"text/css"},{"Name":"ETag","Value":"\"n2CpyTfAjlXcQ0bJ9IjkLQw/+oHRzA4rav8p3hikM1k=\""},{"Name":"ETag","Value":"W/\"aE4mLiQwxZIC4E4cHQ/ev8WO4rxYmPgW0Hzm35BkPOQ=\""},{"Name":"Last-Modified","Value":"Sun, 21 Dec 2025 09:05:28 GMT"},{"Name":"Vary","Value":"Content-Encoding"}],"EndpointProperties":[{"Name":"fingerprint","Value":"wuhct732qe"},{"Name":"integrity","Value":"sha256-aE4mLiQwxZIC4E4cHQ/ev8WO4rxYmPgW0Hzm35BkPOQ="},{"Name":"label","Value":"TournamentScheduler.App.styles.css"}]},{"Route":"TournamentScheduler.App.wuhct732qe.styles.css","AssetFile":"TournamentScheduler.App.styles.css.br","Selectors":[{"Name":"Content-Encoding","Value":"br","Quality":"0.003802281369"}],"ResponseHeaders":[{"Name":"Accept-Ranges","Value":"bytes"},{"Name":"Cache-Control","Value":"max-age=31536000, immutable"},{"Name":"Content-Encoding","Value":"br"},{"Name":"Content-Length","Value":"262"},{"Name":"Content-Type","Value":"text/css"},{"Name":"ETag","Value":"\"/0jFxn/YWfXJtEEiMVmuwtqtS50dga+1Uab8/oULQlQ=\""},{"Name":"ETag","Value":"W/\"aE4mLiQwxZIC4E4cHQ/ev8WO4rxYmPgW0Hzm35BkPOQ=\""},{"Name":"Last-Modified","Value":"Sun, 21 Dec 2025 09:05:28 GMT"},{"Name":"Vary","Value":"Content-Encoding"}],"EndpointProperties":[{"Name":"fingerprint","Value":"wuhct732qe"},{"Name":"integrity","Value":"sha256-aE4mLiQwxZIC4E4cHQ/ev8WO4rxYmPgW0Hzm35BkPOQ="},{"Name":"label","Value":"TournamentScheduler.App.styles.css"}]},{"Route":"TournamentScheduler.App.wuhct732qe.styles.css","AssetFile":"TournamentScheduler.App.styles.css","Selectors":[],"ResponseHeaders":[{"Name":"Accept-Ranges","Value":"bytes"},{"Name":"Cache-Control","Value":"max-age=31536000, immutable"},{"Name":"Content-Length","Value":"574"},{"Name":"Content-Type","Value":"text/css"},{"Name":"ETag","Value":"\"aE4mLiQwxZIC4E4cHQ/ev8WO4rxYmPgW0Hzm35BkPOQ=\""},{"Name":"Last-Modified","Value":"Sun, 21 Dec 2025 09:05:28 GMT"}],"EndpointProperties":[{"Name":"fingerprint","Value":"wuhct732qe"},{"Name":"integrity","Value":"sha256-aE4mLiQwxZIC4E4cHQ/ev8WO4rxYmPgW0Hzm35BkPOQ="},{"Name":"label","Value":"TournamentScheduler.App.styles.css"}]},{"Route":"TournamentScheduler.App.wuhct732qe.styles.css.br","AssetFile":"TournamentScheduler.App.styles.css.br","Selectors":[],"ResponseHeaders":[{"Name":"Accept-Ranges","Value":"bytes"},{"Name":"Cache-Control","Value":"max-age=31536000, immutable"},{"Name":"Content-Encoding","Value":"br"},{"Name":"Content-Length","Value":"262"},{"Name":"Content-Type","Value":"text/css"},{"Name":"ETag","Value":"\"/0jFxn/YWfXJtEEiMVmuwtqtS50dga+1Uab8/oULQlQ=\""},{"Name":"Last-Modified","Value":"Sun, 21 Dec 2025 09:05:28 GMT"},{"Name":"Vary","Value":"Content-Encoding"}],"EndpointProperties":[{"Name":"fingerprint","Value":"wuhct732qe"},{"Name":"integrity","Value":"sha256-/0jFxn/YWfXJtEEiMVmuwtqtS50dga+1Uab8/oULQlQ="},{"Name":"label","Value":"TournamentScheduler.App.styles.css.br"}]},{"Route":"TournamentScheduler.App.wuhct732qe.styles.css.gz","AssetFile":"TournamentScheduler.App.styles.css.gz","Selectors":[],"ResponseHeaders":[{"Name":"Accept-Ranges","Value":"bytes"},{"Name":"Cache-Control","Value":"max-age=31536000, immutable"},{"Name":"Content-Encoding","Value":"gzip"},{"Name":"Content-Length","Value":"342"},{"Name":"Content-Type","Value":"text/css"},{"Name":"ETag","Value":"\"n2CpyTfAjlXcQ0bJ9IjkLQw/+oHRzA4rav8p3hikM1k=\""},{"Name":"Last-Modified","Value":"Sun, 21 Dec 2025 09:05:28 GMT"},{"Name":"Vary","Value":"Content-Encoding"}],"EndpointProperties":[{"Name":"fingerprint","Value":"wuhct732qe"},{"Name":"integrity","Value":"sha256-n2CpyTfAjlXcQ0bJ9IjkLQw/+oHRzA4rav8p3hikM1k="},{"Name":"label","Value":"TournamentScheduler.App.styles.css.gz"}]},{"Route":"app.css","AssetFile":"app.css.gz","Selectors":[{"Name":"Content-Encoding","Value":"gzip","Quality":"0.000324991875"}],"ResponseHeaders":[{"Name":"Accept-Ranges","Value":"bytes"},{"Name":"Cache-Control","Value":"no-cache"},{"Name":"Content-Encoding","Value":"gzip"},{"Name":"Content-Length","Value":"3076"},{"Name":"Content-Type","Value":"text/css"},{"Name":"ETag","Value":"\"y4IAJKxZ6SmyWwrOF9g5fp8DoybHUpUQkJ5+cqgUmOQ=\""},{"Name":"ETag","Value":"W/\"RqguXiQPtLJGl5opORZIecoECHx1M5N/eJ9EQffOLPI=\""},{"Name":"Last-Modified","Value":"Sun, 21 Dec 2025 09:05:28 GMT"},{"Name":"Vary","Value":"Content-Encoding"}],"EndpointProperties":[{"Name":"integrity","Value":"sha256-RqguXiQPtLJGl5opORZIecoECHx1M5N/eJ9EQffOLPI="}]},{"Route":"app.css","AssetFile":"app.css.br","Selectors":[{"Name":"Content-Encoding","Value":"br","Quality":"0.000382555471"}],"ResponseHeaders":[{"Name":"Accept-Ranges","Value":"bytes"},{"Name":"Cache-Control","Value":"no-cache"},{"Name":"Content-Encoding","Value":"br"},{"Name":"Content-Length","Value":"2613"},{"Name":"Content-Type","Value":"text/css"},{"Name":"ETag","Value":"\"//hnKxJYCNgqqmR7WYVyLontHCQTasRtYudijzbtawg=\""},{"Name":"ETag","Value":"W/\"RqguXiQPtLJGl5opORZIecoECHx1M5N/eJ9EQffOLPI=\""},{"Name":"Last-Modified","Value":"Sun, 21 Dec 2025 09:05:28 GMT"},{"Name":"Vary","Value":"Content-Encoding"}],"EndpointProperties":[{"Name":"integrity","Value":"sha256-RqguXiQPtLJGl5opORZIecoECHx1M5N/eJ9EQffOLPI="}]},{"Route":"app.css","AssetFile":"app.css","Selectors":[],"ResponseHeaders":[{"Name":"Accept-Ranges","Value":"bytes"},{"Name":"Cache-Control","Value":"no-cache"},{"Name":"Content-Length","Value":"12360"},{"Name":"Content-Type","Value":"text/css"},{"Name":"ETag","Value":"\"RqguXiQPtLJGl5opORZIecoECHx1M5N/eJ9EQffOLPI=\""},{"Name":"Last-Modified","Value":"Sun, 21 Dec 2025 08:04:16 GMT"}],"EndpointProperties":[{"Name":"integrity","Value":"sha256-RqguXiQPtLJGl5opORZIecoECHx1M5N/eJ9EQffOLPI="}]},{"Route":"app.css.br","AssetFile":"app.css.br","Selectors":[],"ResponseHeaders":[{"Name":"Accept-Ranges","Value":"bytes"},{"Name":"Cache-Control","Value":"no-cache"},{"Name":"Content-Encoding","Value":"br"},{"Name":"Content-Length","Value":"2613"},{"Name":"Content-Type","Value":"text/css"},{"Name":"ETag","Value":"\"//hnKxJYCNgqqmR7WYVyLontHCQTasRtYudijzbtawg=\""},{"Name":"Last-Modified","Value":"Sun, 21 Dec 2025 09:05:28 GMT"},{"Name":"Vary","Value":"Content-Encoding"}],"EndpointProperties":[{"Name":"integrity","Value":"sha256-//hnKxJYCNgqqmR7WYVyLontHCQTasRtYudijzbtawg="}]},{"Route":"app.css.gz","AssetFile":"app.css.gz","Selectors":[],"ResponseHeaders":[{"Name":"Accept-Ranges","Value":"bytes"},{"Name":"Cache-Control","Value":"no-cache"},{"Name":"Content-Encoding","Value":"gzip"},{"Name":"Content-Length","Value":"3076"},{"Name":"Content-Type","Value":"text/css"},{"Name":"ETag","Value":"\"y4IAJKxZ6SmyWwrOF9g5fp8DoybHUpUQkJ5+cqgUmOQ=\""},{"Name":"Last-Modified","Value":"Sun, 21 Dec 2025 09:05:28 GMT"},{"Name":"Vary","Value":"Content-Encoding"}],"EndpointProperties":[{"Name":"integrity","Value":"sha256-y4IAJKxZ6SmyWwrOF9g5fp8DoybHUpUQkJ5+cqgUmOQ="}]},{"Route":"app.qvhnifs5g9.css","AssetFile":"app.css.gz","Selectors":[{"Name":"Content-Encoding","Value":"gzip","Quality":"0.000324991875"}],"ResponseHeaders":[{"Name":"Accept-Ranges","Value":"bytes"},{"Name":"Cache-Control","Value":"max-age=31536000, immutable"},{"Name":"Content-Encoding","Value":"gzip"},{"Name":"Content-Length","Value":"3076"},{"Name":"Content-Type","Value":"text/css"},{"Name":"ETag","Value":"\"y4IAJKxZ6SmyWwrOF9g5fp8DoybHUpUQkJ5+cqgUmOQ=\""},{"Name":"ETag","Value":"W/\"RqguXiQPtLJGl5opORZIecoECHx1M5N/eJ9EQffOLPI=\""},{"Name":"Last-Modified","Value":"Sun, 21 Dec 2025 09:05:28 GMT"},{"Name":"Vary","Value":"Content-Encoding"}],"EndpointProperties":[{"Name":"fingerprint","Value":"qvhnifs5g9"},{"Name":"integrity","Value":"sha256-RqguXiQPtLJGl5opORZIecoECHx1M5N/eJ9EQffOLPI="},{"Name":"label","Value":"app.css"}]},{"Route":"app.qvhnifs5g9.css","AssetFile":"app.css.br","Selectors":[{"Name":"Content-Encoding","Value":"br","Quality":"0.000382555471"}],"ResponseHeaders":[{"Name":"Accept-Ranges","Value":"bytes"},{"Name":"Cache-Control","Value":"max-age=31536000, immutable"},{"Name":"Content-Encoding","Value":"br"},{"Name":"Content-Length","Value":"2613"},{"Name":"Content-Type","Value":"text/css"},{"Name":"ETag","Value":"\"//hnKxJYCNgqqmR7WYVyLontHCQTasRtYudijzbtawg=\""},{"Name":"ETag","Value":"W/\"RqguXiQPtLJGl5opORZIecoECHx1M5N/eJ9EQffOLPI=\""},{"Name":"Last-Modified","Value":"Sun, 21 Dec 2025 09:05:28 GMT"},{"Name":"Vary","Value":"Content-Encoding"}],"EndpointProperties":[{"Name":"fingerprint","Value":"qvhnifs5g9"},{"Name":"integrity","Value":"sha256-RqguXiQPtLJGl5opORZIecoECHx1M5N/eJ9EQffOLPI="},{"Name":"label","Value":"app.css"}]},{"Route":"app.qvhnifs5g9.css","AssetFile":"app.css","Selectors":[],"ResponseHeaders":[{"Name":"Accept-Ranges","Value":"bytes"},{"Name":"Cache-Control","Value":"max-age=31536000, immutable"},{"Name":"Content-Length","Value":"12360"},{"Name":"Content-Type","Value":"text/css"},{"Name":"ETag","Value":"\"RqguXiQPtLJGl5opORZIecoECHx1M5N/eJ9EQffOLPI=\""},{"Name":"Last-Modified","Value":"Sun, 21 Dec 2025 08:04:16 GMT"}],"EndpointProperties":[{"Name":"fingerprint","Value":"qvhnifs5g9"},{"Name":"integrity","Value":"sha256-RqguXiQPtLJGl5opORZIecoECHx1M5N/eJ9EQffOLPI="},{"Name":"label","Value":"app.css"}]},{"Route":"app.qvhnifs5g9.css.br","AssetFile":"app.css.br","Selectors":[],"ResponseHeaders":[{"Name":"Accept-Ranges","Value":"bytes"},{"Name":"Cache-Control","Value":"max-age=31536000, immutable"},{"Name":"Content-Encoding","Value":"br"},{"Name":"Content-Length","Value":"2613"},{"Name":"Content-Type","Value":"text/css"},{"Name":"ETag","Value":"\"//hnKxJYCNgqqmR7WYVyLontHCQTasRtYudijzbtawg=\""},{"Name":"Last-Modified","Value":"Sun, 21 Dec 2025 09:05:28 GMT"},{"Name":"Vary","Value":"Content-Encoding"}],"EndpointProperties":[{"Name":"fingerprint","Value":"qvhnifs5g9"},{"Name":"integrity","Value":"sha256-//hnKxJYCNgqqmR7WYVyLontHCQTasRtYudijzbtawg="},{"Name":"label","Value":"app.css.br"}]},{"Route":"app.qvhnifs5g9.css.gz","AssetFile":"app.css.gz","Selectors":[],"ResponseHeaders":[{"Name":"Accept-Ranges","Value":"bytes"},{"Name":"Cache-Control","Value":"max-age=31536000, immutable"},{"Name":"Content-Encoding","Value":"gzip"},{"Name":"Content-Length","Value":"3076"},{"Name":"Content-Type","Value":"text/css"},{"Name":"ETag","Value":"\"y4IAJKxZ6SmyWwrOF9g5fp8DoybHUpUQkJ5+cqgUmOQ=\""},{"Name":"Last-Modified","Value":"Sun, 21 Dec 2025 09:05:28 GMT"},{"Name":"Vary","Value":"Content-Encoding"}],"EndpointProperties":[{"Name":"fingerprint","Value":"qvhnifs5g9"},{"Name":"integrity","Value":"sha256-y4IAJKxZ6SmyWwrOF9g5fp8DoybHUpUQkJ5+cqgUmOQ="},{"Name":"label","Value":"app.css.gz"}]},{"Route":"script.f41subhcoq.js","AssetFile":"script.js.gz","Selectors":[{"Name":"Content-Encoding","Value":"gzip","Quality":"0.003448275862"}],"ResponseHeaders":[{"Name":"Accept-Ranges","Value":"bytes"},{"Name":"Cache-Control","Value":"max-age=31536000, immutable"},{"Name":"Content-Encoding","Value":"gzip"},{"Name":"Content-Length","Value":"289"},{"Name":"Content-Type","Value":"text/javascript"},{"Name":"ETag","Value":"\"x16hG3tl3DMv9W0ikWY8rDzEN7atRWHzlL7MKziQC00=\""},{"Name":"ETag","Value":"W/\"r+70bOGhaYdSLK4ptSwShWKGsjf8QxdcgnwA+HrOVDQ=\""},{"Name":"Last-Modified","Value":"Sun, 21 Dec 2025 09:05:28 GMT"},{"Name":"Vary","Value":"Content-Encoding"}],"EndpointProperties":[{"Name":"fingerprint","Value":"f41subhcoq"},{"Name":"integrity","Value":"sha256-r+70bOGhaYdSLK4ptSwShWKGsjf8QxdcgnwA+HrOVDQ="},{"Name":"label","Value":"script.js"}]},{"Route":"script.f41subhcoq.js","AssetFile":"script.js.br","Selectors":[{"Name":"Content-Encoding","Value":"br","Quality":"0.004504504505"}],"ResponseHeaders":[{"Name":"Accept-Ranges","Value":"bytes"},{"Name":"Cache-Control","Value":"max-age=31536000, immutable"},{"Name":"Content-Encoding","Value":"br"},{"Name":"Content-Length","Value":"221"},{"Name":"Content-Type","Value":"text/javascript"},{"Name":"ETag","Value":"\"hJRiZfORiUgIlDQBAwCpPjkXtZwWXqPHJYplUL6vxeU=\""},{"Name":"ETag","Value":"W/\"r+70bOGhaYdSLK4ptSwShWKGsjf8QxdcgnwA+HrOVDQ=\""},{"Name":"Last-Modified","Value":"Sun, 21 Dec 2025 09:05:28 GMT"},{"Name":"Vary","Value":"Content-Encoding"}],"EndpointProperties":[{"Name":"fingerprint","Value":"f41subhcoq"},{"Name":"integrity","Value":"sha256-r+70bOGhaYdSLK4ptSwShWKGsjf8QxdcgnwA+HrOVDQ="},{"Name":"label","Value":"script.js"}]},{"Route":"script.f41subhcoq.js","AssetFile":"script.js","Selectors":[],"ResponseHeaders":[{"Name":"Accept-Ranges","Value":"bytes"},{"Name":"Cache-Control","Value":"max-age=31536000, immutable"},{"Name":"Content-Length","Value":"571"},{"Name":"Content-Type","Value":"text/javascript"},{"Name":"ETag","Value":"\"r+70bOGhaYdSLK4ptSwShWKGsjf8QxdcgnwA+HrOVDQ=\""},{"Name":"Last-Modified","Value":"Sun, 21 Dec 2025 08:22:39 GMT"}],"EndpointProperties":[{"Name":"fingerprint","Value":"f41subhcoq"},{"Name":"integrity","Value":"sha256-r+70bOGhaYdSLK4ptSwShWKGsjf8QxdcgnwA+HrOVDQ="},{"Name":"label","Value":"script.js"}]},{"Route":"script.f41subhcoq.js.br","AssetFile":"script.js.br","Selectors":[],"ResponseHeaders":[{"Name":"Accept-Ranges","Value":"bytes"},{"Name":"Cache-Control","Value":"max-age=31536000, immutable"},{"Name":"Content-Encoding","Value":"br"},{"Name":"Content-Length","Value":"221"},{"Name":"Content-Type","Value":"text/javascript"},{"Name":"ETag","Value":"\"hJRiZfORiUgIlDQBAwCpPjkXtZwWXqPHJYplUL6vxeU=\""},{"Name":"Last-Modified","Value":"Sun, 21 Dec 2025 09:05:28 GMT"},{"Name":"Vary","Value":"Content-Encoding"}],"EndpointProperties":[{"Name":"fingerprint","Value":"f41subhcoq"},{"Name":"integrity","Value":"sha256-hJRiZfORiUgIlDQBAwCpPjkXtZwWXqPHJYplUL6vxeU="},{"Name":"label","Value":"script.js.br"}]},{"Route":"script.f41subhcoq.js.gz","AssetFile":"script.js.gz","Selectors":[],"ResponseHeaders":[{"Name":"Accept-Ranges","Value":"bytes"},{"Name":"Cache-Control","Value":"max-age=31536000, immutable"},{"Name":"Content-Encoding","Value":"gzip"},{"Name":"Content-Length","Value":"289"},{"Name":"Content-Type","Value":"text/javascript"},{"Name":"ETag","Value":"\"x16hG3tl3DMv9W0ikWY8rDzEN7atRWHzlL7MKziQC00=\""},{"Name":"Last-Modified","Value":"Sun, 21 Dec 2025 09:05:28 GMT"},{"Name":"Vary","Value":"Content-Encoding"}],"EndpointProperties":[{"Name":"fingerprint","Value":"f41subhcoq"},{"Name":"integrity","Value":"sha256-x16hG3tl3DMv9W0ikWY8rDzEN7atRWHzlL7MKziQC00="},{"Name":"label","Value":"script.js.gz"}]},{"Route":"script.js","AssetFile":"script.js.gz","Selectors":[{"Name":"Content-Encoding","Value":"gzip","Quality":"0.003448275862"}],"ResponseHeaders":[{"Name":"Accept-Ranges","Value":"bytes"},{"Name":"Cache-Control","Value":"no-cache"},{"Name":"Content-Encoding","Value":"gzip"},{"Name":"Content-Length","Value":"289"},{"Name":"Content-Type","Value":"text/javascript"},{"Name":"ETag","Value":"\"x16hG3tl3DMv9W0ikWY8rDzEN7atRWHzlL7MKziQC00=\""},{"Name":"ETag","Value":"W/\"r+70bOGhaYdSLK4ptSwShWKGsjf8QxdcgnwA+HrOVDQ=\""},{"Name":"Last-Modified","Value":"Sun, 21 Dec 2025 09:05:28 GMT"},{"Name":"Vary","Value":"Content-Encoding"}],"EndpointProperties":[{"Name":"integrity","Value":"sha256-r+70bOGhaYdSLK4ptSwShWKGsjf8QxdcgnwA+HrOVDQ="}]},{"Route":"script.js","AssetFile":"script.js.br","Selectors":[{"Name":"Content-Encoding","Value":"br","Quality":"0.004504504505"}],"ResponseHeaders":[{"Name":"Accept-Ranges","Value":"bytes"},{"Name":"Cache-Control","Value":"no-cache"},{"Name":"Content-Encoding","Value":"br"},{"Name":"Content-Length","Value":"221"},{"Name":"Content-Type","Value":"text/javascript"},{"Name":"ETag","Value":"\"hJRiZfORiUgIlDQBAwCpPjkXtZwWXqPHJYplUL6vxeU=\""},{"Name":"ETag","Value":"W/\"r+70bOGhaYdSLK4ptSwShWKGsjf8QxdcgnwA+HrOVDQ=\""},{"Name":"Last-Modified","Value":"Sun, 21 Dec 2025 09:05:28 GMT"},{"Name":"Vary","Value":"Content-Encoding"}],"EndpointProperties":[{"Name":"integrity","Value":"sha256-r+70bOGhaYdSLK4ptSwShWKGsjf8QxdcgnwA+HrOVDQ="}]},{"Route":"script.js","AssetFile":"script.js","Selectors":[],"ResponseHeaders":[{"Name":"Accept-Ranges","Value":"bytes"},{"Name":"Cache-Control","Value":"no-cache"},{"Name":"Content-Length","Value":"571"},{"Name":"Content-Type","Value":"text/javascript"},{"Name":"ETag","Value":"\"r+70bOGhaYdSLK4ptSwShWKGsjf8QxdcgnwA+HrOVDQ=\""},{"Name":"Last-Modified","Value":"Sun, 21 Dec 2025 08:22:39 GMT"}],"EndpointProperties":[{"Name":"integrity","Value":"sha256-r+70bOGhaYdSLK4ptSwShWKGsjf8QxdcgnwA+HrOVDQ="}]},{"Route":"script.js.br","AssetFile":"script.js.br","Selectors":[],"ResponseHeaders":[{"Name":"Accept-Ranges","Value":"bytes"},{"Name":"Cache-Control","Value":"no-cache"},{"Name":"Content-Encoding","Value":"br"},{"Name":"Content-Length","Value":"221"},{"Name":"Content-Type","Value":"text/javascript"},{"Name":"ETag","Value":"\"hJRiZfORiUgIlDQBAwCpPjkXtZwWXqPHJYplUL6vxeU=\""},{"Name":"Last-Modified","Value":"Sun, 21 Dec 2025 09:05:28 GMT"},{"Name":"Vary","Value":"Content-Encoding"}],"EndpointProperties":[{"Name":"integrity","Value":"sha256-hJRiZfORiUgIlDQBAwCpPjkXtZwWXqPHJYplUL6vxeU="}]},{"Route":"script.js.gz","AssetFile":"script.js.gz","Selectors":[],"ResponseHeaders":[{"Name":"Accept-Ranges","Value":"bytes"},{"Name":"Cache-Control","Value":"no-cache"},{"Name":"Content-Encoding","Value":"gzip"},{"Name":"Content-Length","Value":"289"},{"Name":"Content-Type","Value":"text/javascript"},{"Name":"ETag","Value":"\"x16hG3tl3DMv9W0ikWY8rDzEN7atRWHzlL7MKziQC00=\""},{"Name":"Last-Modified","Value":"Sun, 21 Dec 2025 09:05:28 GMT"},{"Name":"Vary","Value":"Content-Encoding"}],"EndpointProperties":[{"Name":"integrity","Value":"sha256-x16hG3tl3DMv9W0ikWY8rDzEN7atRWHzlL7MKziQC00="}]}]}